{
  "mean": [
    32.35274454105526, 20.97482413226775, 3.4435251645343166, 61.15677080113534,
    1.1739395247295053e-5, 0.0006818923528320061, -0.004786806833099724,
    -0.0020300574935091372
  ],
  "scale": [
    4.255134296091077, 3.8295356357192087, 10.189487270982335,
    23.83841552557968, 0.7068657618231494, 0.707347389651778,
    0.7057578845932002, 0.7084340291667577
  ]
}
